,police_report_available
0,YES
1,YES
2,NO
3,NO
4,NO
5,NO
6,YES
7,YES
8,YES
9,YES
10,YES
11,YES
12,NO
13,NO
14,YES
15,NO
16,YES
17,YES
18,NO
19,NO
20,YES
21,YES
22,YES
23,YES
24,NO
25,YES
26,YES
27,YES
28,YES
29,NO
30,YES
31,YES
32,NO
33,YES
34,YES
35,YES
36,YES
37,YES
38,YES
39,NO
40,YES
41,YES
42,NO
43,NO
44,YES
45,YES
46,YES
47,NO
48,YES
49,YES
50,YES
51,YES
52,NO
53,NO
54,NO
55,NO
56,YES
57,YES
58,YES
59,YES
60,YES
61,YES
62,NO
63,NO
64,YES
65,NO
66,YES
67,YES
68,NO
69,NO
70,YES
71,YES
72,YES
73,YES
74,NO
75,YES
76,YES
77,YES
78,YES
79,NO
80,YES
81,YES
82,NO
83,YES
84,YES
85,YES
86,YES
87,YES
88,YES
89,NO
90,YES
91,YES
92,NO
93,NO
94,YES
95,YES
96,YES
97,NO
98,YES
99,YES
100,YES
101,YES
102,NO
103,NO
104,NO
105,NO
106,YES
107,YES
108,YES
109,YES
110,YES
111,YES
112,NO
113,NO
114,YES
115,NO
116,YES
117,YES
118,NO
119,NO
120,YES
121,YES
122,YES
123,YES
124,NO
125,YES
126,YES
127,YES
128,YES
129,NO
130,YES
131,YES
132,NO
133,YES
134,YES
135,YES
136,YES
137,YES
138,YES
139,NO
140,YES
141,YES
142,NO
143,NO
144,YES
145,YES
146,YES
147,NO
148,YES
149,YES
150,YES
151,YES
152,NO
153,NO
154,NO
155,NO
156,YES
157,YES
158,YES
159,YES
160,YES
161,YES
162,NO
163,NO
164,YES
165,NO
166,YES
167,YES
168,NO
169,NO
170,YES
171,YES
172,YES
173,YES
174,NO
175,YES
176,YES
177,YES
178,YES
179,NO
180,YES
181,YES
182,NO
183,YES
184,YES
185,YES
186,YES
187,YES
188,YES
189,NO
190,YES
191,YES
192,NO
193,NO
194,YES
195,YES
196,YES
197,NO
198,YES
199,YES
200,YES
201,YES
202,NO
203,NO
204,NO
205,NO
206,YES
207,YES
208,YES
209,YES
210,YES
211,YES
212,NO
213,NO
214,YES
215,NO
216,YES
217,YES
218,NO
219,NO
220,YES
221,YES
222,YES
223,YES
224,NO
225,YES
226,YES
227,YES
228,YES
229,NO
230,YES
231,YES
232,NO
233,YES
234,YES
235,YES
236,YES
237,YES
238,YES
239,NO
240,YES
241,YES
242,NO
243,NO
244,YES
245,YES
246,YES
247,NO
248,YES
249,YES
250,YES
251,YES
252,NO
253,NO
254,NO
255,NO
256,YES
257,YES
258,YES
259,YES
260,YES
261,YES
262,NO
263,NO
264,YES
265,NO
266,YES
267,YES
268,NO
269,NO
270,YES
271,YES
272,YES
273,YES
274,NO
275,YES
276,YES
277,YES
278,YES
279,NO
280,YES
281,YES
282,NO
283,YES
284,YES
285,YES
286,YES
287,YES
288,YES
289,NO
290,YES
291,YES
292,NO
293,NO
294,YES
295,YES
296,YES
297,NO
298,YES
299,YES
300,YES
301,YES
302,NO
303,NO
304,NO
305,NO
306,YES
307,YES
308,YES
309,YES
310,YES
311,YES
312,NO
313,NO
314,YES
315,NO
316,YES
317,YES
318,NO
319,NO
320,YES
321,YES
322,YES
323,YES
324,NO
325,YES
326,YES
327,YES
328,YES
329,NO
330,YES
331,YES
332,NO
333,YES
334,YES
335,YES
336,YES
337,YES
338,YES
339,NO
340,YES
341,YES
342,NO
343,NO
344,YES
345,YES
346,YES
347,NO
348,YES
349,YES
350,YES
351,YES
352,NO
353,NO
354,NO
355,NO
356,YES
357,YES
358,YES
359,YES
360,YES
361,YES
362,NO
363,NO
364,YES
365,NO
366,YES
367,YES
368,NO
369,NO
370,YES
371,YES
372,YES
373,YES
374,NO
375,YES
376,YES
377,YES
378,YES
379,NO
380,YES
381,YES
382,NO
383,YES
384,YES
385,YES
386,YES
387,YES
388,YES
389,NO
390,YES
391,YES
392,NO
393,NO
394,YES
395,YES
396,YES
397,NO
398,YES
399,YES
400,YES
401,YES
402,NO
403,NO
404,NO
405,NO
406,YES
407,YES
408,YES
409,YES
410,YES
411,YES
412,NO
413,NO
414,YES
415,NO
416,YES
417,YES
418,NO
419,NO
420,YES
421,YES
422,YES
423,YES
424,NO
425,YES
426,YES
427,YES
428,YES
429,NO
430,YES
431,YES
432,NO
433,YES
434,YES
435,YES
436,YES
437,YES
438,YES
439,NO
440,YES
441,YES
442,NO
443,NO
444,YES
445,YES
446,YES
447,NO
448,YES
449,YES
450,YES
451,YES
452,NO
453,NO
454,NO
455,NO
456,YES
457,YES
458,YES
459,YES
460,YES
461,YES
462,NO
463,NO
464,YES
465,NO
466,YES
467,YES
468,NO
469,NO
470,YES
471,YES
472,YES
473,YES
474,NO
475,YES
476,YES
477,YES
478,YES
479,NO
480,YES
481,YES
482,NO
483,YES
484,YES
485,YES
486,YES
487,YES
488,YES
489,NO
490,YES
491,YES
492,NO
493,NO
494,YES
495,YES
496,YES
497,NO
498,YES
499,YES
500,YES
501,YES
502,NO
503,NO
504,NO
505,NO
506,YES
507,YES
508,YES
509,YES
510,YES
511,YES
512,NO
513,NO
514,YES
515,NO
516,YES
517,YES
518,NO
519,NO
520,YES
521,YES
522,YES
523,YES
524,NO
525,YES
526,YES
527,YES
528,YES
529,NO
530,YES
531,YES
532,NO
533,YES
534,YES
535,YES
536,YES
537,YES
538,YES
539,NO
540,YES
541,YES
542,NO
543,NO
544,YES
545,YES
546,YES
547,NO
548,YES
549,YES
550,YES
551,YES
552,NO
553,NO
554,NO
555,NO
556,YES
557,YES
558,YES
559,YES
560,YES
561,YES
562,NO
563,NO
564,YES
565,NO
566,YES
567,YES
568,NO
569,NO
570,YES
571,YES
572,YES
573,YES
574,NO
575,YES
576,YES
577,YES
578,YES
579,NO
580,YES
581,YES
582,NO
583,YES
584,YES
585,YES
586,YES
587,YES
588,YES
589,NO
590,YES
591,YES
592,NO
593,NO
594,YES
595,YES
596,YES
597,NO
598,YES
599,YES
600,YES
601,YES
602,NO
603,NO
604,NO
605,NO
606,YES
607,YES
608,YES
609,YES
610,YES
611,YES
612,NO
613,NO
614,YES
615,NO
616,YES
617,YES
618,NO
619,NO
620,YES
621,YES
622,YES
623,YES
624,NO
625,YES
626,YES
627,YES
628,YES
629,NO
630,YES
631,YES
632,NO
633,YES
634,YES
635,YES
636,YES
637,YES
638,YES
639,NO
640,YES
641,YES
642,NO
643,NO
644,YES
645,YES
646,YES
647,NO
648,YES
649,YES
650,YES
651,YES
652,NO
653,NO
654,NO
655,NO
656,YES
657,YES
658,YES
659,YES
660,YES
661,YES
662,NO
663,NO
664,YES
665,NO
666,YES
667,YES
668,NO
669,NO
670,YES
671,YES
672,YES
673,YES
674,NO
675,YES
676,YES
677,YES
678,YES
679,NO
680,YES
681,YES
682,NO
683,YES
684,YES
685,YES
686,YES
687,YES
688,YES
689,NO
690,YES
691,YES
692,NO
693,NO
694,YES
695,YES
696,YES
697,NO
698,YES
699,YES
700,YES
701,YES
702,NO
703,NO
704,NO
705,NO
706,YES
707,YES
708,YES
709,YES
710,YES
711,YES
712,NO
713,NO
714,YES
715,NO
716,YES
717,YES
718,NO
719,NO
720,YES
721,YES
722,YES
723,YES
724,NO
725,YES
726,YES
727,YES
728,YES
729,NO
730,YES
731,YES
732,NO
733,YES
734,YES
735,YES
736,YES
737,YES
738,YES
739,NO
740,YES
741,YES
742,NO
743,NO
744,YES
745,YES
746,YES
747,NO
748,YES
749,YES
750,YES
751,YES
752,NO
753,NO
754,NO
755,NO
756,YES
757,YES
758,YES
759,YES
760,YES
761,YES
762,NO
763,NO
764,YES
765,NO
766,YES
767,YES
768,NO
769,NO
770,YES
771,YES
772,YES
773,YES
774,NO
775,YES
776,YES
777,YES
778,YES
779,NO
780,YES
781,YES
782,NO
783,YES
784,YES
785,YES
786,YES
787,YES
788,YES
789,NO
790,YES
791,YES
792,NO
793,NO
794,YES
795,YES
796,YES
797,NO
798,YES
799,YES
800,YES
801,YES
802,NO
803,NO
804,NO
805,NO
806,YES
807,YES
808,YES
809,YES
810,YES
811,YES
812,NO
813,NO
814,YES
815,NO
816,YES
817,YES
818,NO
819,NO
820,YES
821,YES
822,YES
823,YES
824,NO
825,YES
826,YES
827,YES
828,YES
829,NO
830,YES
831,YES
832,NO
833,YES
834,YES
835,YES
836,YES
837,YES
838,YES
839,NO
840,YES
841,YES
842,NO
843,NO
844,YES
845,YES
846,YES
847,NO
848,YES
849,YES
850,YES
851,YES
852,NO
853,NO
854,NO
855,NO
856,YES
857,YES
858,YES
859,YES
860,YES
861,YES
862,NO
863,NO
864,YES
865,NO
866,YES
867,YES
868,NO
869,NO
870,YES
871,YES
872,YES
873,YES
874,NO
875,YES
876,YES
877,YES
878,YES
879,NO
880,YES
881,YES
882,NO
883,YES
884,YES
885,YES
886,YES
887,YES
888,YES
889,NO
890,YES
891,YES
892,NO
893,NO
894,YES
895,YES
896,YES
897,NO
898,YES
899,YES
900,YES
901,YES
902,NO
903,NO
904,NO
905,NO
906,YES
907,YES
908,YES
909,YES
910,YES
911,YES
912,NO
913,NO
914,YES
915,NO
916,YES
917,YES
918,NO
919,NO
920,YES
921,YES
922,YES
923,YES
924,NO
925,YES
926,YES
927,YES
928,YES
929,NO
930,YES
931,YES
932,NO
933,YES
934,YES
935,YES
936,YES
937,YES
938,YES
939,NO
940,YES
941,YES
942,NO
943,NO
944,YES
945,YES
946,YES
947,NO
948,YES
949,YES
950,YES
951,YES
952,NO
953,NO
954,NO
955,NO
956,YES
957,YES
958,YES
959,YES
960,YES
961,YES
962,NO
963,NO
964,YES
965,NO
966,YES
967,YES
968,NO
969,NO
970,YES
971,YES
972,YES
973,YES
974,NO
975,YES
976,YES
977,YES
978,YES
979,NO
980,YES
981,YES
982,NO
983,YES
984,YES
985,YES
986,YES
987,YES
988,YES
989,NO
990,YES
991,YES
992,NO
993,NO
994,YES
995,YES
996,YES
997,NO
998,YES
999,YES
1000,YES
1001,YES
1002,NO
1003,NO
1004,NO
1005,NO
1006,YES
1007,YES
1008,YES
1009,YES
1010,YES
1011,YES
1012,NO
1013,NO
1014,YES
1015,NO
1016,YES
1017,YES
1018,NO
1019,NO
1020,YES
1021,YES
1022,YES
1023,YES
1024,NO
1025,YES
1026,YES
1027,YES
1028,YES
1029,NO
1030,YES
1031,YES
1032,NO
1033,YES
1034,YES
1035,YES
1036,YES
1037,YES
1038,YES
1039,NO
1040,YES
1041,YES
1042,NO
1043,NO
1044,YES
1045,YES
1046,YES
1047,NO
1048,YES
1049,YES
1050,YES
1051,YES
1052,NO
1053,NO
1054,NO
1055,NO
1056,YES
1057,YES
1058,YES
1059,YES
1060,YES
1061,YES
1062,NO
1063,NO
1064,YES
1065,NO
1066,YES
1067,YES
1068,NO
1069,NO
1070,YES
1071,YES
1072,YES
1073,YES
1074,NO
1075,YES
1076,YES
1077,YES
1078,YES
1079,NO
1080,YES
1081,YES
1082,NO
1083,YES
1084,YES
1085,YES
1086,YES
1087,YES
1088,YES
1089,NO
1090,YES
1091,YES
1092,NO
1093,NO
1094,YES
1095,YES
1096,YES
1097,NO
1098,YES
1099,YES
1100,YES
1101,YES
1102,NO
1103,NO
1104,NO
1105,NO
1106,YES
1107,YES
1108,YES
1109,YES
1110,YES
1111,YES
1112,NO
1113,NO
1114,YES
1115,NO
1116,YES
1117,YES
1118,NO
1119,NO
1120,YES
1121,YES
1122,YES
1123,YES
1124,NO
1125,YES
1126,YES
1127,YES
1128,YES
1129,NO
1130,YES
1131,YES
1132,NO
1133,YES
1134,YES
1135,YES
1136,YES
1137,YES
1138,YES
1139,NO
1140,YES
1141,YES
1142,NO
1143,NO
1144,YES
1145,YES
1146,YES
1147,NO
1148,YES
1149,YES
1150,YES
1151,YES
1152,NO
1153,NO
1154,NO
1155,NO
1156,YES
1157,YES
1158,YES
1159,YES
1160,YES
1161,YES
1162,NO
1163,NO
1164,YES
1165,NO
1166,YES
1167,YES
1168,NO
1169,NO
1170,YES
1171,YES
1172,YES
1173,YES
1174,NO
1175,YES
1176,YES
1177,YES
1178,YES
1179,NO
1180,YES
1181,YES
1182,NO
1183,YES
1184,YES
1185,YES
1186,YES
1187,YES
1188,YES
1189,NO
1190,YES
1191,YES
1192,NO
1193,NO
1194,YES
1195,YES
1196,YES
1197,NO
1198,YES
1199,YES
1200,YES
1201,YES
1202,NO
1203,NO
1204,NO
1205,NO
1206,YES
1207,YES
1208,YES
1209,YES
1210,YES
1211,YES
1212,NO
1213,NO
1214,YES
1215,NO
1216,YES
1217,YES
1218,NO
1219,NO
1220,YES
1221,YES
1222,YES
1223,YES
1224,NO
1225,YES
1226,YES
1227,YES
1228,YES
1229,NO
1230,YES
1231,YES
1232,NO
1233,YES
1234,YES
1235,YES
1236,YES
1237,YES
1238,YES
1239,NO
1240,YES
1241,YES
1242,NO
1243,NO
1244,YES
1245,YES
1246,YES
1247,NO
1248,YES
1249,YES
1250,YES
1251,YES
1252,NO
1253,NO
1254,NO
1255,NO
1256,YES
1257,YES
1258,YES
1259,YES
1260,YES
1261,YES
1262,NO
1263,NO
1264,YES
1265,NO
1266,YES
1267,YES
1268,NO
1269,NO
1270,YES
1271,YES
1272,YES
1273,YES
1274,NO
1275,YES
1276,YES
1277,YES
1278,YES
1279,NO
1280,YES
1281,YES
1282,NO
1283,YES
1284,YES
1285,YES
1286,YES
1287,YES
1288,YES
1289,NO
1290,YES
1291,YES
1292,NO
1293,NO
1294,YES
1295,YES
1296,YES
1297,NO
1298,YES
1299,YES
1300,YES
1301,YES
1302,NO
1303,NO
1304,NO
1305,NO
1306,YES
1307,YES
1308,YES
1309,YES
1310,YES
1311,YES
1312,NO
1313,NO
1314,YES
1315,NO
1316,YES
1317,YES
1318,NO
1319,NO
1320,YES
1321,YES
1322,YES
1323,YES
1324,NO
1325,YES
1326,YES
1327,YES
1328,YES
1329,NO
1330,YES
1331,YES
1332,NO
1333,YES
1334,YES
1335,YES
1336,YES
1337,YES
1338,YES
1339,NO
1340,YES
1341,YES
1342,NO
1343,NO
1344,YES
1345,YES
1346,YES
1347,NO
1348,YES
1349,YES
1350,YES
1351,YES
1352,NO
1353,NO
1354,NO
1355,NO
1356,YES
1357,YES
1358,YES
1359,YES
1360,YES
1361,YES
1362,NO
1363,NO
1364,YES
1365,NO
1366,YES
1367,YES
1368,NO
1369,NO
1370,YES
1371,YES
1372,YES
1373,YES
1374,NO
1375,YES
1376,YES
1377,YES
1378,YES
1379,NO
1380,YES
1381,YES
1382,NO
1383,YES
1384,YES
1385,YES
1386,YES
1387,YES
1388,YES
1389,NO
1390,YES
1391,YES
1392,NO
1393,NO
1394,YES
1395,YES
1396,YES
1397,NO
1398,YES
1399,YES
1400,YES
1401,YES
1402,NO
1403,NO
1404,NO
1405,NO
1406,YES
1407,YES
1408,YES
1409,YES
1410,YES
1411,YES
1412,NO
1413,NO
1414,YES
1415,NO
1416,YES
1417,YES
1418,NO
1419,NO
1420,YES
1421,YES
1422,YES
1423,YES
1424,NO
1425,YES
1426,YES
1427,YES
1428,YES
1429,NO
1430,YES
1431,YES
1432,NO
1433,YES
1434,YES
1435,YES
1436,YES
1437,YES
1438,YES
1439,NO
1440,YES
1441,YES
1442,NO
1443,NO
1444,YES
1445,YES
1446,YES
1447,NO
1448,YES
1449,YES
1450,YES
1451,YES
1452,NO
1453,NO
1454,NO
1455,NO
1456,YES
1457,YES
1458,YES
1459,YES
1460,YES
1461,YES
1462,NO
1463,NO
1464,YES
1465,NO
1466,YES
1467,YES
1468,NO
1469,NO
1470,YES
1471,YES
1472,YES
1473,YES
1474,NO
1475,YES
1476,YES
1477,YES
1478,YES
1479,NO
1480,YES
1481,YES
1482,NO
1483,YES
1484,YES
1485,YES
1486,YES
1487,YES
1488,YES
1489,NO
1490,YES
1491,YES
1492,NO
1493,NO
1494,YES
1495,YES
1496,YES
1497,NO
1498,YES
1499,YES
1500,YES
1501,YES
1502,NO
1503,NO
1504,NO
1505,NO
1506,YES
1507,YES
1508,YES
1509,YES
1510,YES
1511,YES
1512,NO
1513,NO
1514,YES
1515,NO
1516,YES
1517,YES
1518,NO
1519,NO
1520,YES
1521,YES
1522,YES
1523,YES
1524,NO
1525,YES
1526,YES
1527,YES
1528,YES
1529,NO
1530,YES
1531,YES
1532,NO
1533,YES
1534,YES
1535,YES
1536,YES
1537,YES
1538,YES
1539,NO
1540,YES
1541,YES
1542,NO
1543,NO
1544,YES
1545,YES
1546,YES
1547,NO
1548,YES
1549,YES
1550,YES
1551,YES
1552,NO
1553,NO
1554,NO
1555,NO
1556,YES
1557,YES
1558,YES
1559,YES
1560,YES
1561,YES
1562,NO
1563,NO
1564,YES
1565,NO
1566,YES
1567,YES
1568,NO
1569,NO
1570,YES
1571,YES
1572,YES
1573,YES
1574,NO
1575,YES
1576,YES
1577,YES
1578,YES
1579,NO
1580,YES
1581,YES
1582,NO
1583,YES
1584,YES
1585,YES
1586,YES
1587,YES
1588,YES
1589,NO
1590,YES
1591,YES
1592,NO
1593,NO
1594,YES
1595,YES
1596,YES
1597,NO
1598,YES
1599,YES
1600,YES
1601,YES
1602,NO
1603,NO
1604,NO
1605,NO
1606,YES
1607,YES
1608,YES
1609,YES
1610,YES
1611,YES
1612,NO
1613,NO
1614,YES
1615,NO
1616,YES
1617,YES
1618,NO
1619,NO
1620,YES
1621,YES
1622,YES
1623,YES
1624,NO
1625,YES
1626,YES
1627,YES
1628,YES
1629,NO
1630,YES
1631,YES
1632,NO
1633,YES
1634,YES
1635,YES
1636,YES
1637,YES
1638,YES
1639,NO
1640,YES
1641,YES
1642,NO
1643,NO
1644,YES
1645,YES
1646,YES
1647,NO
1648,YES
1649,YES
1650,YES
1651,YES
1652,NO
1653,NO
1654,NO
1655,NO
1656,YES
1657,YES
1658,YES
1659,YES
1660,YES
1661,YES
1662,NO
1663,NO
1664,YES
1665,NO
1666,YES
1667,YES
1668,NO
1669,NO
1670,YES
1671,YES
1672,YES
1673,YES
1674,NO
1675,YES
1676,YES
1677,YES
1678,YES
1679,NO
1680,YES
1681,YES
1682,NO
1683,YES
1684,YES
1685,YES
1686,YES
1687,YES
1688,YES
1689,NO
1690,YES
1691,YES
1692,NO
1693,NO
1694,YES
1695,YES
1696,YES
1697,NO
1698,YES
1699,YES
1700,YES
1701,YES
1702,NO
1703,NO
1704,NO
1705,NO
1706,YES
1707,YES
1708,YES
1709,YES
1710,YES
1711,YES
1712,NO
1713,NO
1714,YES
1715,NO
1716,YES
1717,YES
1718,NO
1719,NO
1720,YES
1721,YES
1722,YES
1723,YES
1724,NO
1725,YES
1726,YES
1727,YES
1728,YES
1729,NO
1730,YES
1731,YES
1732,NO
1733,YES
1734,YES
1735,YES
1736,YES
1737,YES
1738,YES
1739,NO
1740,YES
1741,YES
1742,NO
1743,NO
1744,YES
1745,YES
1746,YES
1747,NO
1748,YES
1749,YES
1750,YES
1751,YES
1752,NO
1753,NO
1754,NO
1755,NO
1756,YES
1757,YES
1758,YES
1759,YES
1760,YES
1761,YES
1762,NO
1763,NO
1764,YES
1765,NO
1766,YES
1767,YES
1768,NO
1769,NO
1770,YES
1771,YES
1772,YES
1773,YES
1774,NO
1775,YES
1776,YES
1777,YES
1778,YES
1779,NO
1780,YES
1781,YES
1782,NO
1783,YES
1784,YES
1785,YES
1786,YES
1787,YES
1788,YES
1789,NO
1790,YES
1791,YES
1792,NO
1793,NO
1794,YES
1795,YES
1796,YES
1797,NO
1798,YES
1799,YES
1800,YES
1801,YES
1802,NO
1803,NO
1804,NO
1805,NO
1806,YES
1807,YES
1808,YES
1809,YES
1810,YES
1811,YES
1812,NO
1813,NO
1814,YES
1815,NO
1816,YES
1817,YES
1818,NO
1819,NO
1820,YES
1821,YES
1822,YES
1823,YES
1824,NO
1825,YES
1826,YES
1827,YES
1828,YES
1829,NO
1830,YES
1831,YES
1832,NO
1833,YES
1834,YES
1835,YES
1836,YES
1837,YES
1838,YES
1839,NO
1840,YES
1841,YES
1842,NO
1843,NO
1844,YES
1845,YES
1846,YES
1847,NO
1848,YES
1849,YES
1850,YES
1851,YES
1852,NO
1853,NO
1854,NO
1855,NO
1856,YES
1857,YES
1858,YES
1859,YES
1860,YES
1861,YES
1862,NO
1863,NO
1864,YES
1865,NO
1866,YES
1867,YES
1868,NO
1869,NO
1870,YES
1871,YES
1872,YES
1873,YES
1874,NO
1875,YES
1876,YES
1877,YES
1878,YES
1879,NO
1880,YES
1881,YES
1882,NO
1883,YES
1884,YES
1885,YES
1886,YES
1887,YES
1888,YES
1889,NO
1890,YES
1891,YES
1892,NO
1893,NO
1894,YES
1895,YES
1896,YES
1897,NO
1898,YES
1899,YES
1900,YES
1901,YES
1902,NO
1903,NO
1904,NO
1905,NO
1906,YES
1907,YES
1908,YES
1909,YES
1910,YES
1911,YES
1912,NO
1913,NO
1914,YES
1915,NO
1916,YES
1917,YES
1918,NO
1919,NO
1920,YES
1921,YES
1922,YES
1923,YES
1924,NO
1925,YES
1926,YES
1927,YES
1928,YES
1929,NO
1930,YES
1931,YES
1932,NO
1933,YES
1934,YES
1935,YES
1936,YES
1937,YES
1938,YES
1939,NO
1940,YES
1941,YES
1942,NO
1943,NO
1944,YES
1945,YES
1946,YES
1947,NO
1948,YES
1949,YES
1950,YES
1951,YES
1952,NO
1953,NO
1954,NO
1955,NO
1956,YES
1957,YES
1958,YES
1959,YES
1960,YES
1961,YES
1962,NO
1963,NO
1964,YES
1965,NO
1966,YES
1967,YES
1968,NO
1969,NO
1970,YES
1971,YES
1972,YES
1973,YES
1974,NO
1975,YES
1976,YES
1977,YES
1978,YES
1979,NO
1980,YES
1981,YES
1982,NO
1983,YES
1984,YES
1985,YES
1986,YES
1987,YES
1988,YES
1989,NO
1990,YES
1991,YES
1992,NO
1993,NO
1994,YES
1995,YES
1996,YES
1997,NO
1998,YES
1999,YES
2000,YES
2001,YES
2002,NO
2003,NO
2004,NO
2005,NO
2006,YES
2007,YES
2008,YES
2009,YES
2010,YES
2011,YES
2012,NO
2013,NO
2014,YES
2015,NO
2016,YES
2017,YES
2018,NO
2019,NO
2020,YES
2021,YES
2022,YES
2023,YES
2024,NO
2025,YES
2026,YES
2027,YES
2028,YES
2029,NO
2030,YES
2031,YES
2032,NO
2033,YES
2034,YES
2035,YES
2036,YES
2037,YES
2038,YES
2039,NO
2040,YES
2041,YES
2042,NO
2043,NO
2044,YES
2045,YES
2046,YES
2047,NO
2048,YES
2049,YES
2050,YES
2051,YES
2052,NO
2053,NO
2054,NO
2055,NO
2056,YES
2057,YES
2058,YES
2059,YES
2060,YES
2061,YES
2062,NO
2063,NO
2064,YES
2065,NO
2066,YES
2067,YES
2068,NO
2069,NO
2070,YES
2071,YES
2072,YES
2073,YES
2074,NO
2075,YES
2076,YES
2077,YES
2078,YES
2079,NO
2080,YES
2081,YES
2082,NO
2083,YES
2084,YES
2085,YES
2086,YES
2087,YES
2088,YES
2089,NO
2090,YES
2091,YES
2092,NO
2093,NO
2094,YES
2095,YES
2096,YES
2097,NO
2098,YES
2099,YES
2100,YES
2101,YES
2102,NO
2103,NO
2104,NO
2105,NO
2106,YES
2107,YES
2108,YES
2109,YES
2110,YES
2111,YES
2112,NO
2113,NO
2114,YES
2115,NO
2116,YES
2117,YES
2118,NO
2119,NO
2120,YES
2121,YES
2122,YES
2123,YES
2124,NO
2125,YES
2126,YES
2127,YES
2128,YES
2129,NO
2130,YES
2131,YES
2132,NO
2133,YES
2134,YES
2135,YES
2136,YES
2137,YES
2138,YES
2139,NO
2140,YES
2141,YES
2142,NO
2143,NO
2144,YES
2145,YES
2146,YES
2147,NO
2148,YES
2149,YES
2150,YES
2151,YES
2152,NO
2153,NO
2154,NO
2155,NO
2156,YES
2157,YES
2158,YES
2159,YES
2160,YES
2161,YES
2162,NO
2163,NO
2164,YES
2165,NO
2166,YES
2167,YES
2168,NO
2169,NO
2170,YES
2171,YES
2172,YES
2173,YES
2174,NO
2175,YES
2176,YES
2177,YES
2178,YES
2179,NO
2180,YES
2181,YES
2182,NO
2183,YES
2184,YES
2185,YES
2186,YES
2187,YES
2188,YES
2189,NO
2190,YES
2191,YES
2192,NO
2193,NO
2194,YES
2195,YES
2196,YES
2197,NO
2198,YES
2199,YES
2200,YES
2201,YES
2202,NO
2203,NO
2204,NO
2205,NO
2206,YES
2207,YES
2208,YES
2209,YES
2210,YES
2211,YES
2212,NO
2213,NO
2214,YES
2215,NO
2216,YES
2217,YES
2218,NO
2219,NO
2220,YES
2221,YES
2222,YES
2223,YES
2224,NO
2225,YES
2226,YES
2227,YES
2228,YES
2229,NO
2230,YES
2231,YES
2232,NO
2233,YES
2234,YES
2235,YES
2236,YES
2237,YES
2238,YES
2239,NO
2240,YES
2241,YES
2242,NO
2243,NO
2244,YES
2245,YES
2246,YES
2247,NO
2248,YES
2249,YES
2250,YES
2251,YES
2252,NO
2253,NO
2254,NO
2255,NO
2256,YES
2257,YES
2258,YES
2259,YES
2260,YES
2261,YES
2262,NO
2263,NO
2264,YES
2265,NO
2266,YES
2267,YES
2268,NO
2269,NO
2270,YES
2271,YES
2272,YES
2273,YES
2274,NO
2275,YES
2276,YES
2277,YES
2278,YES
2279,NO
2280,YES
2281,YES
2282,NO
2283,YES
2284,YES
2285,YES
2286,YES
2287,YES
2288,YES
2289,NO
2290,YES
2291,YES
2292,NO
2293,NO
2294,YES
2295,YES
2296,YES
2297,NO
2298,YES
2299,YES
2300,YES
2301,YES
2302,NO
2303,NO
2304,NO
2305,NO
2306,YES
2307,YES
2308,YES
2309,YES
2310,YES
2311,YES
2312,NO
2313,NO
2314,YES
2315,NO
2316,YES
2317,YES
2318,NO
2319,NO
2320,YES
2321,YES
2322,YES
2323,YES
2324,NO
2325,YES
2326,YES
2327,YES
2328,YES
2329,NO
2330,YES
2331,YES
2332,NO
2333,YES
2334,YES
2335,YES
2336,YES
2337,YES
2338,YES
2339,NO
2340,YES
2341,YES
2342,NO
2343,NO
2344,YES
2345,YES
2346,YES
2347,NO
2348,YES
2349,YES
2350,YES
2351,YES
2352,NO
2353,NO
2354,NO
2355,NO
2356,YES
2357,YES
2358,YES
2359,YES
2360,YES
2361,YES
2362,NO
2363,NO
2364,YES
2365,NO
2366,YES
2367,YES
2368,NO
2369,NO
2370,YES
2371,YES
2372,YES
2373,YES
2374,NO
2375,YES
2376,YES
2377,YES
2378,YES
2379,NO
2380,YES
2381,YES
2382,NO
2383,YES
2384,YES
2385,YES
2386,YES
2387,YES
2388,YES
2389,NO
2390,YES
2391,YES
2392,NO
2393,NO
2394,YES
2395,YES
2396,YES
2397,NO
2398,YES
2399,YES
2400,YES
2401,YES
2402,NO
2403,NO
2404,NO
2405,NO
2406,YES
2407,YES
2408,YES
2409,YES
2410,YES
2411,YES
2412,NO
2413,NO
2414,YES
2415,NO
2416,YES
2417,YES
2418,NO
2419,NO
2420,YES
2421,YES
2422,YES
2423,YES
2424,NO
2425,YES
2426,YES
2427,YES
2428,YES
2429,NO
2430,YES
2431,YES
2432,NO
2433,YES
2434,YES
2435,YES
2436,YES
2437,YES
2438,YES
2439,NO
2440,YES
2441,YES
2442,NO
2443,NO
2444,YES
2445,YES
2446,YES
2447,NO
2448,YES
2449,YES
2450,YES
2451,YES
2452,NO
2453,NO
2454,NO
2455,NO
2456,YES
2457,YES
2458,YES
2459,YES
2460,YES
2461,YES
2462,NO
2463,NO
2464,YES
2465,NO
2466,YES
2467,YES
2468,NO
2469,NO
2470,YES
2471,YES
2472,YES
2473,YES
2474,NO
2475,YES
2476,YES
2477,YES
2478,YES
2479,NO
2480,YES
2481,YES
2482,NO
2483,YES
2484,YES
2485,YES
2486,YES
2487,YES
2488,YES
2489,NO
2490,YES
2491,YES
2492,NO
2493,NO
2494,YES
2495,YES
2496,YES
2497,NO
2498,YES
2499,YES
2500,YES
2501,YES
2502,NO
2503,NO
2504,NO
2505,NO
2506,YES
2507,YES
2508,YES
2509,YES
2510,YES
2511,YES
2512,NO
2513,NO
2514,YES
2515,NO
2516,YES
2517,YES
2518,NO
2519,NO
2520,YES
2521,YES
2522,YES
2523,YES
2524,NO
2525,YES
2526,YES
2527,YES
2528,YES
2529,NO
2530,YES
2531,YES
2532,NO
2533,YES
2534,YES
2535,YES
2536,YES
2537,YES
2538,YES
2539,NO
2540,YES
2541,YES
2542,NO
2543,NO
2544,YES
2545,YES
2546,YES
2547,NO
2548,YES
2549,YES
2550,YES
2551,YES
2552,NO
2553,NO
2554,NO
2555,NO
2556,YES
2557,YES
2558,YES
2559,YES
2560,YES
2561,YES
2562,NO
2563,NO
2564,YES
2565,NO
2566,YES
2567,YES
2568,NO
2569,NO
2570,YES
2571,YES
2572,YES
2573,YES
2574,NO
2575,YES
2576,YES
2577,YES
2578,YES
2579,NO
2580,YES
2581,YES
2582,NO
2583,YES
2584,YES
2585,YES
2586,YES
2587,YES
2588,YES
2589,NO
2590,YES
2591,YES
2592,NO
2593,NO
2594,YES
2595,YES
2596,YES
2597,NO
2598,YES
2599,YES
2600,YES
2601,YES
2602,NO
2603,NO
2604,NO
2605,NO
2606,YES
2607,YES
2608,YES
2609,YES
2610,YES
2611,YES
2612,NO
2613,NO
2614,YES
2615,NO
2616,YES
2617,YES
2618,NO
2619,NO
2620,YES
2621,YES
2622,YES
2623,YES
2624,NO
2625,YES
2626,YES
2627,YES
2628,YES
2629,NO
2630,YES
2631,YES
2632,NO
2633,YES
2634,YES
2635,YES
2636,YES
2637,YES
2638,YES
2639,NO
2640,YES
2641,YES
2642,NO
2643,NO
2644,YES
2645,YES
2646,YES
2647,NO
2648,YES
2649,YES
2650,YES
2651,YES
2652,NO
2653,NO
2654,NO
2655,NO
2656,YES
2657,YES
2658,YES
2659,YES
2660,YES
2661,YES
2662,NO
2663,NO
2664,YES
2665,NO
2666,YES
2667,YES
2668,NO
2669,NO
2670,YES
2671,YES
2672,YES
2673,YES
2674,NO
2675,YES
2676,YES
2677,YES
2678,YES
2679,NO
2680,YES
2681,YES
2682,NO
2683,YES
2684,YES
2685,YES
2686,YES
2687,YES
2688,YES
2689,NO
2690,YES
2691,YES
2692,NO
2693,NO
2694,YES
2695,YES
2696,YES
2697,NO
2698,YES
2699,YES
2700,YES
2701,YES
2702,NO
2703,NO
2704,NO
2705,NO
2706,YES
2707,YES
2708,YES
2709,YES
2710,YES
2711,YES
2712,NO
2713,NO
2714,YES
2715,NO
2716,YES
2717,YES
2718,NO
2719,NO
2720,YES
2721,YES
2722,YES
2723,YES
2724,NO
2725,YES
2726,YES
2727,YES
2728,YES
2729,NO
2730,YES
2731,YES
2732,NO
2733,YES
2734,YES
2735,YES
2736,YES
2737,YES
2738,YES
2739,NO
2740,YES
2741,YES
2742,NO
2743,NO
2744,YES
2745,YES
2746,YES
2747,NO
2748,YES
2749,YES
2750,YES
2751,YES
2752,NO
2753,NO
2754,NO
2755,NO
2756,YES
2757,YES
2758,YES
2759,YES
2760,YES
2761,YES
2762,NO
2763,NO
2764,YES
2765,NO
2766,YES
2767,YES
2768,NO
2769,NO
2770,YES
2771,YES
2772,YES
2773,YES
2774,NO
2775,YES
2776,YES
2777,YES
2778,YES
2779,NO
2780,YES
2781,YES
2782,NO
2783,YES
2784,YES
2785,YES
2786,YES
2787,YES
2788,YES
2789,NO
2790,YES
2791,YES
2792,NO
2793,NO
2794,YES
2795,YES
2796,YES
2797,NO
2798,YES
2799,YES
2800,YES
2801,YES
2802,NO
2803,NO
2804,NO
2805,NO
2806,YES
2807,YES
2808,YES
2809,YES
2810,YES
2811,YES
2812,NO
2813,NO
2814,YES
2815,NO
2816,YES
2817,YES
2818,NO
2819,NO
2820,YES
2821,YES
2822,YES
2823,YES
2824,NO
2825,YES
2826,YES
2827,YES
2828,YES
2829,NO
2830,YES
2831,YES
2832,NO
2833,YES
2834,YES
2835,YES
2836,YES
2837,YES
2838,YES
2839,NO
2840,YES
2841,YES
2842,NO
2843,NO
2844,YES
2845,YES
2846,YES
2847,NO
2848,YES
2849,YES
2850,YES
2851,YES
2852,NO
2853,NO
2854,NO
2855,NO
2856,YES
2857,YES
2858,YES
2859,YES
2860,YES
2861,YES
2862,NO
2863,NO
2864,YES
2865,NO
2866,YES
2867,YES
2868,NO
2869,NO
2870,YES
2871,YES
2872,YES
2873,YES
2874,NO
2875,YES
2876,YES
2877,YES
2878,YES
2879,NO
2880,YES
2881,YES
2882,NO
2883,YES
2884,YES
2885,YES
2886,YES
2887,YES
2888,YES
2889,NO
2890,YES
2891,YES
2892,NO
2893,NO
2894,YES
2895,YES
2896,YES
2897,NO
2898,YES
2899,YES
2900,YES
2901,YES
2902,NO
2903,NO
2904,NO
2905,NO
2906,YES
2907,YES
2908,YES
2909,YES
2910,YES
2911,YES
2912,NO
2913,NO
2914,YES
2915,NO
2916,YES
2917,YES
2918,NO
2919,NO
2920,YES
2921,YES
2922,YES
2923,YES
2924,NO
2925,YES
2926,YES
2927,YES
2928,YES
2929,NO
2930,YES
2931,YES
2932,NO
2933,YES
2934,YES
2935,YES
2936,YES
2937,YES
2938,YES
2939,NO
2940,YES
2941,YES
2942,NO
2943,NO
2944,YES
2945,YES
2946,YES
2947,NO
2948,YES
2949,YES
2950,YES
2951,YES
2952,NO
2953,NO
2954,NO
2955,NO
2956,YES
2957,YES
2958,YES
2959,YES
2960,YES
2961,YES
2962,NO
2963,NO
2964,YES
2965,NO
2966,YES
2967,YES
2968,NO
2969,NO
2970,YES
2971,YES
2972,YES
2973,YES
2974,NO
2975,YES
2976,YES
2977,YES
2978,YES
2979,NO
2980,YES
2981,YES
2982,NO
2983,YES
2984,YES
2985,YES
2986,YES
2987,YES
2988,YES
2989,NO
2990,YES
2991,YES
2992,NO
2993,NO
2994,YES
2995,YES
2996,YES
2997,NO
2998,YES
2999,YES
3000,YES
3001,YES
3002,NO
3003,NO
3004,NO
3005,NO
3006,YES
3007,YES
3008,YES
3009,YES
3010,YES
3011,YES
3012,NO
3013,NO
3014,YES
3015,NO
3016,YES
3017,YES
3018,NO
3019,NO
3020,YES
3021,YES
3022,YES
3023,YES
3024,NO
3025,YES
3026,YES
3027,YES
3028,YES
3029,NO
3030,YES
3031,YES
3032,NO
3033,YES
3034,YES
3035,YES
3036,YES
3037,YES
3038,YES
3039,NO
3040,YES
3041,YES
3042,NO
3043,NO
3044,YES
3045,YES
3046,YES
3047,NO
3048,YES
3049,YES
3050,YES
3051,YES
3052,NO
3053,NO
3054,NO
3055,NO
3056,YES
3057,YES
3058,YES
3059,YES
3060,YES
3061,YES
3062,NO
3063,NO
3064,YES
3065,NO
3066,YES
3067,YES
3068,NO
3069,NO
3070,YES
3071,YES
3072,YES
3073,YES
3074,NO
3075,YES
3076,YES
3077,YES
3078,YES
3079,NO
3080,YES
3081,YES
3082,NO
3083,YES
3084,YES
3085,YES
3086,YES
3087,YES
3088,YES
3089,NO
3090,YES
3091,YES
3092,NO
3093,NO
3094,YES
3095,YES
3096,YES
3097,NO
3098,YES
3099,YES
3100,YES
3101,YES
3102,NO
3103,NO
3104,NO
3105,NO
3106,YES
3107,YES
3108,YES
3109,YES
3110,YES
3111,YES
3112,NO
3113,NO
3114,YES
3115,NO
3116,YES
3117,YES
3118,NO
3119,NO
3120,YES
3121,YES
3122,YES
3123,YES
3124,NO
3125,YES
3126,YES
3127,YES
3128,YES
3129,NO
3130,YES
3131,YES
3132,NO
3133,YES
3134,YES
3135,YES
3136,YES
3137,YES
3138,YES
3139,NO
3140,YES
3141,YES
3142,NO
3143,NO
3144,YES
3145,YES
3146,YES
3147,NO
3148,YES
3149,YES
3150,YES
3151,YES
3152,NO
3153,NO
3154,NO
3155,NO
3156,YES
3157,YES
3158,YES
3159,YES
3160,YES
3161,YES
3162,NO
3163,NO
3164,YES
3165,NO
3166,YES
3167,YES
3168,NO
3169,NO
3170,YES
3171,YES
3172,YES
3173,YES
3174,NO
3175,YES
3176,YES
3177,YES
3178,YES
3179,NO
3180,YES
3181,YES
3182,NO
3183,YES
3184,YES
3185,YES
3186,YES
3187,YES
3188,YES
3189,NO
3190,YES
3191,YES
3192,NO
3193,NO
3194,YES
3195,YES
3196,YES
3197,NO
3198,YES
3199,YES
3200,YES
3201,YES
3202,NO
3203,NO
3204,NO
3205,NO
3206,YES
3207,YES
3208,YES
3209,YES
3210,YES
3211,YES
3212,NO
3213,NO
3214,YES
3215,NO
3216,YES
3217,YES
3218,NO
3219,NO
3220,YES
3221,YES
3222,YES
3223,YES
3224,NO
3225,YES
3226,YES
3227,YES
3228,YES
3229,NO
3230,YES
3231,YES
3232,NO
3233,YES
3234,YES
3235,YES
3236,YES
3237,YES
3238,YES
3239,NO
3240,YES
3241,YES
3242,NO
3243,NO
3244,YES
3245,YES
3246,YES
3247,NO
3248,YES
3249,YES
3250,YES
3251,YES
3252,NO
3253,NO
3254,NO
3255,NO
3256,YES
3257,YES
3258,YES
3259,YES
3260,YES
3261,YES
3262,NO
3263,NO
3264,YES
3265,NO
3266,YES
3267,YES
3268,NO
3269,NO
3270,YES
3271,YES
3272,YES
3273,YES
3274,NO
3275,YES
3276,YES
3277,YES
3278,YES
3279,NO
3280,YES
3281,YES
3282,NO
3283,YES
3284,YES
3285,YES
3286,YES
3287,YES
3288,YES
3289,NO
3290,YES
3291,YES
3292,NO
3293,NO
3294,YES
3295,YES
3296,YES
3297,NO
3298,YES
3299,YES
3300,YES
3301,YES
3302,NO
3303,NO
3304,NO
3305,NO
3306,YES
3307,YES
3308,YES
3309,YES
3310,YES
3311,YES
3312,NO
3313,NO
3314,YES
3315,NO
3316,YES
3317,YES
3318,NO
3319,NO
3320,YES
3321,YES
3322,YES
3323,YES
3324,NO
3325,YES
3326,YES
3327,YES
3328,YES
3329,NO
3330,YES
3331,YES
3332,NO
3333,YES
3334,YES
3335,YES
3336,YES
3337,YES
3338,YES
3339,NO
3340,YES
3341,YES
3342,NO
3343,NO
3344,YES
3345,YES
3346,YES
3347,NO
3348,YES
3349,YES
3350,YES
3351,YES
3352,NO
3353,NO
3354,NO
3355,NO
3356,YES
3357,YES
3358,YES
3359,YES
3360,YES
3361,YES
3362,NO
3363,NO
3364,YES
3365,NO
3366,YES
3367,YES
3368,NO
3369,NO
3370,YES
3371,YES
3372,YES
3373,YES
3374,NO
3375,YES
3376,YES
3377,YES
3378,YES
3379,NO
3380,YES
3381,YES
3382,NO
3383,YES
3384,YES
3385,YES
3386,YES
3387,YES
3388,YES
3389,NO
3390,YES
3391,YES
3392,NO
3393,NO
3394,YES
3395,YES
3396,YES
3397,NO
3398,YES
3399,YES
3400,YES
3401,YES
3402,NO
3403,NO
3404,NO
3405,NO
3406,YES
3407,YES
3408,YES
3409,YES
3410,YES
3411,YES
3412,NO
3413,NO
3414,YES
3415,NO
3416,YES
3417,YES
3418,NO
3419,NO
3420,YES
3421,YES
3422,YES
3423,YES
3424,NO
3425,YES
3426,YES
3427,YES
3428,YES
3429,NO
3430,YES
3431,YES
3432,NO
3433,YES
3434,YES
3435,YES
3436,YES
3437,YES
3438,YES
3439,NO
3440,YES
3441,YES
3442,NO
3443,NO
3444,YES
3445,YES
3446,YES
3447,NO
3448,YES
3449,YES
3450,YES
3451,YES
3452,NO
3453,NO
3454,NO
3455,NO
3456,YES
3457,YES
3458,YES
3459,YES
3460,YES
3461,YES
3462,NO
3463,NO
3464,YES
3465,NO
3466,YES
3467,YES
3468,NO
3469,NO
3470,YES
3471,YES
3472,YES
3473,YES
3474,NO
3475,YES
3476,YES
3477,YES
3478,YES
3479,NO
3480,YES
3481,YES
3482,NO
3483,YES
3484,YES
3485,YES
3486,YES
3487,YES
3488,YES
3489,NO
3490,YES
3491,YES
3492,NO
3493,NO
3494,YES
3495,YES
3496,YES
3497,NO
3498,YES
3499,YES
3500,YES
3501,YES
3502,NO
3503,NO
3504,NO
3505,NO
3506,YES
3507,YES
3508,YES
3509,YES
3510,YES
3511,YES
3512,NO
3513,NO
3514,YES
3515,NO
3516,YES
3517,YES
3518,NO
3519,NO
3520,YES
3521,YES
3522,YES
3523,YES
3524,NO
3525,YES
3526,YES
3527,YES
3528,YES
3529,NO
3530,YES
3531,YES
3532,NO
3533,YES
3534,YES
3535,YES
3536,YES
3537,YES
3538,YES
3539,NO
3540,YES
3541,YES
3542,NO
3543,NO
3544,YES
3545,YES
3546,YES
3547,NO
3548,YES
3549,YES
3550,YES
3551,YES
3552,NO
3553,NO
3554,NO
3555,NO
3556,YES
3557,YES
3558,YES
3559,YES
3560,YES
3561,YES
3562,NO
3563,NO
3564,YES
3565,NO
3566,YES
3567,YES
3568,NO
3569,NO
3570,YES
3571,YES
3572,YES
3573,YES
3574,NO
3575,YES
3576,YES
3577,YES
3578,YES
3579,NO
3580,YES
3581,YES
3582,NO
3583,YES
3584,YES
3585,YES
3586,YES
3587,YES
3588,YES
3589,NO
3590,YES
3591,YES
3592,NO
3593,NO
3594,YES
3595,YES
3596,YES
3597,NO
3598,YES
3599,YES
3600,YES
3601,YES
3602,NO
3603,NO
3604,NO
3605,NO
3606,YES
3607,YES
3608,YES
3609,YES
3610,YES
3611,YES
3612,NO
3613,NO
3614,YES
3615,NO
3616,YES
3617,YES
3618,NO
3619,NO
3620,YES
3621,YES
3622,YES
3623,YES
3624,NO
3625,YES
3626,YES
3627,YES
3628,YES
3629,NO
3630,YES
3631,YES
3632,NO
3633,YES
3634,YES
3635,YES
3636,YES
3637,YES
3638,YES
3639,NO
3640,YES
3641,YES
3642,NO
3643,NO
3644,YES
3645,YES
3646,YES
3647,NO
3648,YES
3649,YES
3650,YES
3651,YES
3652,NO
3653,NO
3654,NO
3655,NO
3656,YES
3657,YES
3658,YES
3659,YES
3660,YES
3661,YES
3662,NO
3663,NO
3664,YES
3665,NO
3666,YES
3667,YES
3668,NO
3669,NO
3670,YES
3671,YES
3672,YES
3673,YES
3674,NO
3675,YES
3676,YES
3677,YES
3678,YES
3679,NO
3680,YES
3681,YES
3682,NO
3683,YES
3684,YES
3685,YES
3686,YES
3687,YES
3688,YES
3689,NO
3690,YES
3691,YES
3692,NO
3693,NO
3694,YES
3695,YES
3696,YES
3697,NO
3698,YES
3699,YES
3700,YES
3701,YES
3702,NO
3703,NO
3704,NO
3705,NO
3706,YES
3707,YES
3708,YES
3709,YES
3710,YES
3711,YES
3712,NO
3713,NO
3714,YES
3715,NO
3716,YES
3717,YES
3718,NO
3719,NO
3720,YES
3721,YES
3722,YES
3723,YES
3724,NO
3725,YES
3726,YES
3727,YES
3728,YES
3729,NO
3730,YES
3731,YES
3732,NO
3733,YES
3734,YES
3735,YES
3736,YES
3737,YES
3738,YES
3739,NO
3740,YES
3741,YES
3742,NO
3743,NO
3744,YES
3745,YES
3746,YES
3747,NO
3748,YES
3749,YES
3750,YES
3751,YES
3752,NO
3753,NO
3754,NO
3755,NO
3756,YES
3757,YES
3758,YES
3759,YES
3760,YES
3761,YES
3762,NO
3763,NO
3764,YES
3765,NO
3766,YES
3767,YES
3768,NO
3769,NO
3770,YES
3771,YES
3772,YES
3773,YES
3774,NO
3775,YES
3776,YES
3777,YES
3778,YES
3779,NO
3780,YES
3781,YES
3782,NO
3783,YES
3784,YES
3785,YES
3786,YES
3787,YES
3788,YES
3789,NO
3790,YES
3791,YES
3792,NO
3793,NO
3794,YES
3795,YES
3796,YES
3797,NO
3798,YES
3799,YES
3800,YES
3801,YES
3802,NO
3803,NO
3804,NO
3805,NO
3806,YES
3807,YES
3808,YES
3809,YES
3810,YES
3811,YES
3812,NO
3813,NO
3814,YES
3815,NO
3816,YES
3817,YES
3818,NO
3819,NO
3820,YES
3821,YES
3822,YES
3823,YES
3824,NO
3825,YES
3826,YES
3827,YES
3828,YES
3829,NO
3830,YES
3831,YES
3832,NO
3833,YES
3834,YES
3835,YES
3836,YES
3837,YES
3838,YES
3839,NO
3840,YES
3841,YES
3842,NO
3843,NO
3844,YES
3845,YES
3846,YES
3847,NO
3848,YES
3849,YES
3850,YES
3851,YES
3852,NO
3853,NO
3854,NO
3855,NO
3856,YES
3857,YES
3858,YES
3859,YES
3860,YES
3861,YES
3862,NO
3863,NO
3864,YES
3865,NO
3866,YES
3867,YES
3868,NO
3869,NO
3870,YES
3871,YES
3872,YES
3873,YES
3874,NO
3875,YES
3876,YES
3877,YES
3878,YES
3879,NO
3880,YES
3881,YES
3882,NO
3883,YES
3884,YES
3885,YES
3886,YES
3887,YES
3888,YES
3889,NO
3890,YES
3891,YES
3892,NO
3893,NO
3894,YES
3895,YES
3896,YES
3897,NO
3898,YES
3899,YES
3900,YES
3901,YES
3902,NO
3903,NO
3904,NO
3905,NO
3906,YES
3907,YES
3908,YES
3909,YES
3910,YES
3911,YES
3912,NO
3913,NO
3914,YES
3915,NO
3916,YES
3917,YES
3918,NO
3919,NO
3920,YES
3921,YES
3922,YES
3923,YES
3924,NO
3925,YES
3926,YES
3927,YES
3928,YES
3929,NO
3930,YES
3931,YES
3932,NO
3933,YES
3934,YES
3935,YES
3936,YES
3937,YES
3938,YES
3939,NO
3940,YES
3941,YES
3942,NO
3943,NO
3944,YES
3945,YES
3946,YES
3947,NO
3948,YES
3949,YES
3950,YES
3951,YES
3952,NO
3953,NO
3954,NO
3955,NO
3956,YES
3957,YES
3958,YES
3959,YES
3960,YES
3961,YES
3962,NO
3963,NO
3964,YES
3965,NO
3966,YES
3967,YES
3968,NO
3969,NO
3970,YES
3971,YES
3972,YES
3973,YES
3974,NO
3975,YES
3976,YES
3977,YES
3978,YES
3979,NO
3980,YES
3981,YES
3982,NO
3983,YES
3984,YES
3985,YES
3986,YES
3987,YES
3988,YES
3989,NO
3990,YES
3991,YES
3992,NO
3993,NO
3994,YES
3995,YES
3996,YES
3997,NO
3998,YES
3999,YES
4000,YES
4001,YES
4002,NO
4003,NO
4004,NO
4005,NO
4006,YES
4007,YES
4008,YES
4009,YES
4010,YES
4011,YES
4012,NO
4013,NO
4014,YES
4015,NO
4016,YES
4017,YES
4018,NO
4019,NO
4020,YES
4021,YES
4022,YES
4023,YES
4024,NO
4025,YES
4026,YES
4027,YES
4028,YES
4029,NO
4030,YES
4031,YES
4032,NO
4033,YES
4034,YES
4035,YES
4036,YES
4037,YES
4038,YES
4039,NO
4040,YES
4041,YES
4042,NO
4043,NO
4044,YES
4045,YES
4046,YES
4047,NO
4048,YES
4049,YES
4050,YES
4051,YES
4052,NO
4053,NO
4054,NO
4055,NO
4056,YES
4057,YES
4058,YES
4059,YES
4060,YES
4061,YES
4062,NO
4063,NO
4064,YES
4065,NO
4066,YES
4067,YES
4068,NO
4069,NO
4070,YES
4071,YES
4072,YES
4073,YES
4074,NO
4075,YES
4076,YES
4077,YES
4078,YES
4079,NO
4080,YES
4081,YES
4082,NO
4083,YES
4084,YES
4085,YES
4086,YES
4087,YES
4088,YES
4089,NO
4090,YES
4091,YES
4092,NO
4093,NO
4094,YES
4095,YES
4096,YES
4097,NO
4098,YES
4099,YES
4100,YES
4101,YES
4102,NO
4103,NO
4104,NO
4105,NO
4106,YES
4107,YES
4108,YES
4109,YES
4110,YES
4111,YES
4112,NO
4113,NO
4114,YES
4115,NO
4116,YES
4117,YES
4118,NO
4119,NO
4120,YES
4121,YES
4122,YES
4123,YES
4124,NO
4125,YES
4126,YES
4127,YES
4128,YES
4129,NO
4130,YES
4131,YES
4132,NO
4133,YES
4134,YES
4135,YES
4136,YES
4137,YES
4138,YES
4139,NO
4140,YES
4141,YES
4142,NO
4143,NO
4144,YES
4145,YES
4146,YES
4147,NO
4148,YES
4149,YES
4150,YES
4151,YES
4152,NO
4153,NO
4154,NO
4155,NO
4156,YES
4157,YES
4158,YES
4159,YES
4160,YES
4161,YES
4162,NO
4163,NO
4164,YES
4165,NO
4166,YES
4167,YES
4168,NO
4169,NO
4170,YES
4171,YES
4172,YES
4173,YES
4174,NO
4175,YES
4176,YES
4177,YES
4178,YES
4179,NO
4180,YES
4181,YES
4182,NO
4183,YES
4184,YES
4185,YES
4186,YES
4187,YES
4188,YES
4189,NO
4190,YES
4191,YES
4192,NO
4193,NO
4194,YES
4195,YES
4196,YES
4197,NO
4198,YES
4199,YES
4200,YES
4201,YES
4202,NO
4203,NO
4204,NO
4205,NO
4206,YES
4207,YES
4208,YES
4209,YES
4210,YES
4211,YES
4212,NO
4213,NO
4214,YES
4215,NO
4216,YES
4217,YES
4218,NO
4219,NO
4220,YES
4221,YES
4222,YES
4223,YES
4224,NO
4225,YES
4226,YES
4227,YES
4228,YES
4229,NO
4230,YES
4231,YES
4232,NO
4233,YES
4234,YES
4235,YES
4236,YES
4237,YES
4238,YES
4239,NO
4240,YES
4241,YES
4242,NO
4243,NO
4244,YES
4245,YES
4246,YES
4247,NO
4248,YES
4249,YES
